Input File,Display Name,File Name
Baseline,B,DIV 19 LSL-Cas9-PVcre with fith batch of gRNAs plate1  20 uM CNO(000)(000)_NeuralEventDetector_neuralMetrics_FIRST 60 SEC.csv

Plot Selection,One File Per Plot
Plot Display,Raw Values
Error Bars,Standard Error
Well Exclusion Criterion,    Mean Firing Rate (Hz),0


    Number of Spikes
,GPR37L 1,GPR37L 2,LGI2 A12,SLITRK5,THSD7 1,THSD7 2,unt1,unt2,
B Mean,1606.000000,2065.583333,2122.166667,1398.583333,1639.416667,1639.583333,1608.166667,1493.166667,
B SEM,327.327609,392.863082,380.384790,268.530893,322.889358,393.215329,221.304905,293.433226,
B Replicates,1642.000000,1287.000000,4014.000000,1140.000000,1150.000000,3996.000000,672.000000,1055.000000,
,2785.000000,1478.000000,4858.000000,3489.000000,3820.000000,3817.000000,1056.000000,2374.000000,
,1899.000000,2733.000000,2826.000000,2200.000000,760.000000,202.000000,2015.000000,1575.000000,
,1043.000000,551.000000,2324.000000,1463.000000,2943.000000,385.000000,2576.000000,3767.000000,
,1003.000000,2656.000000,2119.000000,1304.000000,812.000000,1239.000000,3214.000000,965.000000,
,1193.000000,1418.000000,1501.000000,2261.000000,468.000000,426.000000,1901.000000,1770.000000,
,1755.000000,1.000000,1412.000000,1165.000000,3017.000000,1187.000000,1581.000000,2329.000000,
,4418.000000,4330.000000,2003.000000,53.000000,878.000000,980.000000,1137.000000,400.000000,
,1341.000000,3083.000000,722.000000,781.000000,1660.000000,1760.000000,1989.000000,966.000000,
,498.000000,2951.000000,645.000000,1750.000000,1551.000000,2374.000000,1154.000000,1937.000000,
,1695.000000,3681.000000,2451.000000,587.000000,2182.000000,3005.000000,1323.000000,567.000000,
,0.000000,618.000000,591.000000,590.000000,432.000000,304.000000,680.000000,213.000000,


    Mean Firing Rate (Hz)
,GPR37L 1,GPR37L 2,LGI2 A12,SLITRK5,THSD7 1,THSD7 2,unt1,unt2,
B Mean,3.345833,4.303299,4.421181,2.913715,3.415451,3.415799,3.350347,3.110764,
B SEM,0.681933,0.818465,0.792468,0.559439,0.672686,0.819199,0.461052,0.611319,
B Replicates,3.420833,2.681250,8.362500,2.375000,2.395833,8.325000,1.400000,2.197917,
,5.802083,3.079167,10.120833,7.268750,7.958333,7.952083,2.200000,4.945833,
,3.956250,5.693750,5.887500,4.583333,1.583333,0.420833,4.197917,3.281250,
,2.172917,1.147917,4.841667,3.047917,6.131250,0.802083,5.366667,7.847917,
,2.089583,5.533333,4.414583,2.716667,1.691667,2.581250,6.695833,2.010417,
,2.485417,2.954167,3.127083,4.710417,0.975000,0.887500,3.960417,3.687500,
,3.656250,0.002083,2.941667,2.427083,6.285417,2.472917,3.293750,4.852083,
,9.204167,9.020833,4.172917,0.110417,1.829167,2.041667,2.368750,0.833333,
,2.793750,6.422917,1.504167,1.627083,3.458333,3.666667,4.143750,2.012500,
,1.037500,6.147917,1.343750,3.645833,3.231250,4.945833,2.404167,4.035417,
,3.531250,7.668750,5.106250,1.222917,4.545833,6.260417,2.756250,1.181250,
,0.000000,1.287500,1.231250,1.229167,0.900000,0.633333,1.416667,0.443750,


    ISI Coefficient of Variation - Avg
,GPR37L 1,GPR37L 2,LGI2 A12,SLITRK5,THSD7 1,THSD7 2,unt1,unt2,
B Mean,6.348869,7.075248,7.152131,5.328060,6.139091,4.709794,6.081202,5.558601,
B SEM,0.326175,0.761389,0.388776,0.389441,0.304323,0.621673,0.364610,0.626571,
B Replicates,6.459609,3.282897,4.983743,4.447643,4.916720,4.670203,8.217449,7.213115,
,5.086201,6.721882,8.887127,4.758365,7.355125,8.352153,6.807062,4.852324,
,5.654404,5.316712,8.473580,3.780570,6.054282,2.013362,5.349938,5.726837,
,6.271780,5.666378,6.365121,7.594644,6.709779,1.984835,6.010229,7.798746,
,6.520746,6.672822,5.832237,6.869669,5.520197,5.746010,5.247596,7.356111,
,5.487726,8.158207,7.268277,5.737404,4.856819,2.386610,5.795061,6.441613,
,4.786493,NaN,5.130136,4.426559,6.437051,7.145875,6.025878,7.723086,
,8.582185,10.477642,7.347548,3.825537,4.159262,4.384156,6.137128,1.747510,
,6.890593,5.804072,8.273128,6.613716,6.684647,4.709457,4.977815,4.073481,
,6.789383,8.531131,8.002880,5.786846,6.690490,5.241659,4.223420,5.380720,
,7.308440,11.981802,6.749836,6.417751,7.508797,7.194242,5.603972,6.874588,
,NaN,5.214184,8.511956,3.678020,6.775918,2.688966,8.578877,1.515085,


    Number of Active Electrodes
,GPR37L 1,GPR37L 2,LGI2 A12,SLITRK5,THSD7 1,THSD7 2,unt1,unt2,
B Mean,7.333333,7.333333,7.916667,7.166667,7.833333,8.000000,8.000000,7.916667,
B SEM,0.666667,0.666667,0.083333,0.575159,0.112367,0.000000,0.000000,0.083333,
B Replicates,8.000000,8.000000,8.000000,7.000000,8.000000,8.000000,8.000000,8.000000,
,8.000000,8.000000,8.000000,8.000000,8.000000,8.000000,8.000000,8.000000,
,8.000000,8.000000,8.000000,8.000000,8.000000,8.000000,8.000000,8.000000,
,8.000000,8.000000,8.000000,8.000000,8.000000,8.000000,8.000000,8.000000,
,8.000000,8.000000,8.000000,8.000000,8.000000,8.000000,8.000000,8.000000,
,8.000000,8.000000,8.000000,8.000000,8.000000,8.000000,8.000000,8.000000,
,8.000000,0.000000,8.000000,7.000000,7.000000,8.000000,8.000000,8.000000,
,8.000000,8.000000,8.000000,1.000000,8.000000,8.000000,8.000000,8.000000,
,8.000000,8.000000,8.000000,7.000000,8.000000,8.000000,8.000000,8.000000,
,8.000000,8.000000,8.000000,8.000000,8.000000,8.000000,8.000000,8.000000,
,8.000000,8.000000,8.000000,8.000000,8.000000,8.000000,8.000000,8.000000,
,0.000000,8.000000,7.000000,8.000000,7.000000,8.000000,8.000000,7.000000,


    Weighted Mean Firing Rate (Hz)
,GPR37L 1,GPR37L 2,LGI2 A12,SLITRK5,THSD7 1,THSD7 2,unt1,unt2,
B Mean,3.650000,4.694318,4.435442,3.053472,3.500595,3.415799,3.350347,3.115451,
B SEM,0.668594,0.787646,0.787362,0.524750,0.701553,0.819199,0.461052,0.609475,
B Replicates,3.420833,2.681250,8.362500,2.709524,2.395833,8.325000,1.400000,2.197917,
,5.802083,3.079167,10.120833,7.268750,7.958333,7.952083,2.200000,4.945833,
,3.956250,5.693750,5.887500,4.583333,1.583333,0.420833,4.197917,3.281250,
,2.172917,1.147917,4.841667,3.047917,6.131250,0.802083,5.366667,7.847917,
,2.089583,5.533333,4.414583,2.716667,1.691667,2.581250,6.695833,2.010417,
,2.485417,2.954167,3.127083,4.710417,0.975000,0.887500,3.960417,3.687500,
,3.656250,NaN,2.941667,2.771429,7.180952,2.472917,3.293750,4.852083,
,9.204167,9.020833,4.172917,0.883333,1.829167,2.041667,2.368750,0.833333,
,2.793750,6.422917,1.504167,1.852381,3.458333,3.666667,4.143750,2.012500,
,1.037500,6.147917,1.343750,3.645833,3.231250,4.945833,2.404167,4.035417,
,3.531250,7.668750,5.106250,1.222917,4.545833,6.260417,2.756250,1.181250,
,NaN,1.287500,1.402381,1.229167,1.026190,0.633333,1.416667,0.500000,


    Number of Bursts
,GPR37L 1,GPR37L 2,LGI2 A12,SLITRK5,THSD7 1,THSD7 2,unt1,unt2,
B Mean,64.416667,78.000000,83.583333,64.166667,74.916667,71.166667,63.416667,51.583333,
B SEM,16.683079,19.596305,21.807511,15.337038,16.931439,18.516100,9.187820,10.223605,
B Replicates,64.000000,72.000000,191.000000,56.000000,49.000000,174.000000,16.000000,46.000000,
,90.000000,48.000000,256.000000,179.000000,158.000000,196.000000,46.000000,95.000000,
,64.000000,104.000000,141.000000,154.000000,24.000000,13.000000,86.000000,56.000000,
,41.000000,22.000000,76.000000,64.000000,192.000000,10.000000,96.000000,100.000000,
,32.000000,72.000000,74.000000,35.000000,30.000000,53.000000,115.000000,24.000000,
,51.000000,35.000000,41.000000,79.000000,28.000000,9.000000,88.000000,59.000000,
,80.000000,0.000000,53.000000,51.000000,135.000000,40.000000,48.000000,104.000000,
,229.000000,256.000000,42.000000,4.000000,56.000000,56.000000,48.000000,8.000000,
,45.000000,112.000000,18.000000,35.000000,66.000000,89.000000,91.000000,32.000000,
,15.000000,86.000000,16.000000,73.000000,42.000000,92.000000,64.000000,72.000000,
,62.000000,113.000000,80.000000,24.000000,105.000000,114.000000,47.000000,16.000000,
,0.000000,16.000000,15.000000,16.000000,14.000000,8.000000,16.000000,7.000000,


    Number of Bursting Electrodes
,GPR37L 1,GPR37L 2,LGI2 A12,SLITRK5,THSD7 1,THSD7 2,unt1,unt2,
B Mean,7.333333,7.333333,7.916667,7.166667,7.833333,7.916667,8.000000,7.916667,
B SEM,0.666667,0.666667,0.083333,0.575159,0.112367,0.083333,0.000000,0.083333,
B Replicates,8.000000,8.000000,8.000000,7.000000,8.000000,8.000000,8.000000,8.000000,
,8.000000,8.000000,8.000000,8.000000,8.000000,8.000000,8.000000,8.000000,
,8.000000,8.000000,8.000000,8.000000,8.000000,8.000000,8.000000,8.000000,
,8.000000,8.000000,8.000000,8.000000,8.000000,7.000000,8.000000,8.000000,
,8.000000,8.000000,8.000000,8.000000,8.000000,8.000000,8.000000,8.000000,
,8.000000,8.000000,8.000000,8.000000,8.000000,8.000000,8.000000,8.000000,
,8.000000,0.000000,8.000000,7.000000,7.000000,8.000000,8.000000,8.000000,
,8.000000,8.000000,8.000000,1.000000,8.000000,8.000000,8.000000,8.000000,
,8.000000,8.000000,8.000000,7.000000,8.000000,8.000000,8.000000,8.000000,
,8.000000,8.000000,8.000000,8.000000,8.000000,8.000000,8.000000,8.000000,
,8.000000,8.000000,8.000000,8.000000,8.000000,8.000000,8.000000,8.000000,
,0.000000,8.000000,7.000000,8.000000,7.000000,8.000000,8.000000,7.000000,


    Burst Duration - Avg (sec)
,GPR37L 1,GPR37L 2,LGI2 A12,SLITRK5,THSD7 1,THSD7 2,unt1,unt2,
B Mean,0.207501,0.208402,0.242668,0.164065,0.199061,0.229128,0.179551,0.244691,
B SEM,0.013496,0.020633,0.022071,0.024390,0.014066,0.031123,0.015668,0.026290,
B Replicates,0.135021,0.139183,0.110536,0.157818,0.159625,0.088806,0.224025,0.150171,
,0.219030,0.223773,0.116303,0.101707,0.185671,0.293992,0.267645,0.174998,
,0.187789,0.147582,0.211628,0.085928,0.258937,0.183005,0.168412,0.185343,
,0.276756,0.163783,0.234020,0.102675,0.150373,0.354966,0.147275,0.233981,
,0.260905,0.223646,0.271825,0.206596,0.195843,0.182817,0.196214,0.299013,
,0.200487,0.371242,0.278741,0.132937,0.159733,0.469325,0.095948,0.296350,
,0.153273,NaN,0.211541,0.128274,0.250216,0.198032,0.192019,0.176291,
,0.184312,0.154091,0.365938,0.391940,0.114314,0.141177,0.169773,0.493080,
,0.260519,0.218340,0.323215,0.137296,0.190083,0.183151,0.121089,0.248830,
,0.191750,0.239889,0.253960,0.128927,0.273050,0.185235,0.137482,0.203827,
,0.212670,0.153942,0.224128,0.149553,0.217632,0.152794,0.162906,0.234970,
,NaN,0.256950,0.310185,0.245125,0.233250,0.316240,0.271830,0.239440,


    Burst Duration - Std (sec)
,GPR37L 1,GPR37L 2,LGI2 A12,SLITRK5,THSD7 1,THSD7 2,unt1,unt2,
B Mean,0.106545,0.067853,0.115932,0.049304,0.091707,0.088549,0.074479,0.101085,
B SEM,0.015591,0.013348,0.022259,0.009660,0.011344,0.017184,0.012413,0.033953,
B Replicates,0.035356,0.056472,0.025966,0.116907,0.115894,0.016248,0.133329,0.055420,
,0.055528,0.082917,0.035492,0.035756,0.088020,0.117436,0.165228,0.058667,
,0.057290,0.041004,0.068946,0.016481,0.103247,0.091187,0.087032,0.042301,
,0.175303,0.066810,0.088660,0.017400,0.044460,0.175395,0.021848,0.063641,
,0.165529,0.067964,0.140100,0.101675,0.167560,0.081339,0.041225,0.101165,
,0.123846,0.194236,0.138059,0.032781,0.129788,0.221939,0.026383,0.087762,
,0.064562,NaN,0.097406,0.049075,0.085506,0.075123,0.063642,0.016260,
,0.147273,0.037560,0.261305,NaN,0.015742,0.086009,0.091469,0.463979,
,0.121458,0.043023,0.264448,0.041020,0.073493,0.056205,0.051983,0.055504,
,0.065966,0.062079,0.111950,0.032438,0.095706,0.074594,0.067006,0.056829,
,0.159886,0.039279,0.062157,0.044600,0.072367,0.038291,0.046641,0.117652,
,NaN,0.055036,0.096691,0.054206,0.108704,0.028819,0.097956,0.093845,


    Number of Spikes per Burst - Avg
,GPR37L 1,GPR37L 2,LGI2 A12,SLITRK5,THSD7 1,THSD7 2,unt1,unt2,
B Mean,26.373070,29.279074,30.214079,22.559957,23.195916,26.010504,26.663030,30.955454,
B SEM,1.018483,2.440300,2.257766,2.206110,1.958697,2.719940,2.286819,2.248928,
B Replicates,24.057986,17.227976,20.987319,18.838254,22.485119,22.555022,41.062500,21.802976,
,28.006993,30.583333,19.180000,18.857667,24.216619,17.863690,22.345833,24.726326,
,29.562500,26.278846,19.964646,13.306176,31.375000,15.791667,22.236364,28.035714,
,24.608333,22.958333,28.999132,22.843750,13.251875,33.571429,26.750000,36.874679,
,30.406250,36.194444,27.880556,33.112500,24.212500,21.121528,26.361630,39.500000,
,22.226935,39.681250,35.516667,28.111111,14.718750,47.437500,21.602273,29.830357,
,21.850000,NaN,24.723214,20.956916,21.558285,29.250000,31.136905,22.298077,
,22.796824,16.019735,36.783482,8.500000,15.607143,17.410714,23.312500,48.625000,
,28.832738,27.383929,38.791667,22.114286,24.277778,19.705492,21.095707,29.281250,
,30.812500,34.896139,39.437500,23.891319,35.770833,24.254121,16.252652,26.375000,
,26.942708,32.533333,30.400000,24.125000,21.162805,25.914881,25.425000,34.687500,
,NaN,38.312500,39.904762,36.062500,29.714286,37.250000,42.375000,29.428571,


    Number of Spikes per Burst - Std
,GPR37L 1,GPR37L 2,LGI2 A12,SLITRK5,THSD7 1,THSD7 2,unt1,unt2,
B Mean,15.374255,11.347177,17.103901,8.702077,12.236964,11.835542,8.637067,14.541290,
B SEM,2.162746,0.907036,2.466696,1.379970,1.394852,1.857861,1.148752,3.552063,
B Replicates,6.349711,9.028953,7.187211,10.972815,13.247494,7.208354,11.124097,6.128017,
,11.432778,12.034342,8.519312,4.220328,9.940388,1.428894,5.864734,10.419622,
,12.735110,9.305007,11.329892,2.028805,15.579227,8.618341,8.136223,6.514729,
,14.827920,11.321335,11.635759,5.865208,4.896662,16.490979,4.398773,10.814018,
,31.906095,10.918287,13.832604,16.082172,21.257448,13.252599,4.819515,6.669047,
,16.261073,15.956815,18.037694,12.368163,10.335823,27.170674,7.300262,15.126369,
,14.224928,NaN,15.589066,8.278422,13.979537,17.436169,9.793378,4.769131,
,24.819796,5.672399,34.488387,NaN,5.063302,8.815385,10.727297,49.954086,
,12.732883,15.301677,31.497008,10.469548,10.813222,8.118142,6.004680,12.221496,
,14.626145,13.920790,21.762414,5.048069,15.550200,11.978762,6.300193,11.068002,
,9.200369,9.320899,12.609294,5.577556,9.119445,10.901604,10.296813,19.606736,
,NaN,12.038443,18.758173,14.811765,17.060816,10.606602,18.878843,21.204222,


    Mean ISI within Burst - Avg (sec)
,GPR37L 1,GPR37L 2,LGI2 A12,SLITRK5,THSD7 1,THSD7 2,unt1,unt2,
B Mean,0.009132,0.008326,0.009891,0.010849,0.009780,0.010372,0.008115,0.009078,
B SEM,0.000608,0.000605,0.000774,0.003666,0.000447,0.000943,0.000960,0.000496,
B Replicates,0.007263,0.010936,0.006696,0.008837,0.007846,0.004420,0.005574,0.008279,
,0.009109,0.008092,0.006088,0.006111,0.007990,0.014539,0.017508,0.008263,
,0.007168,0.006172,0.011605,0.008890,0.009575,0.016384,0.008559,0.007137,
,0.012782,0.008565,0.010087,0.005011,0.011937,0.013186,0.005309,0.007008,
,0.011697,0.007077,0.010760,0.007563,0.009730,0.010388,0.008211,0.008116,
,0.010568,0.011240,0.008596,0.005908,0.011449,0.011935,0.004796,0.012361,
,0.008295,NaN,0.012922,0.008400,0.012508,0.008182,0.007643,0.008849,
,0.007804,0.010018,0.015235,0.050992,0.008494,0.008761,0.008157,0.010391,
,0.010888,0.009840,0.010999,0.007814,0.008684,0.010511,0.007125,0.010773,
,0.007202,0.007572,0.007038,0.006544,0.010079,0.009440,0.010254,0.008875,
,0.007679,0.004928,0.008527,0.006508,0.010370,0.007446,0.007237,0.007644,
,NaN,0.007143,0.010135,0.007610,0.008695,0.009276,0.007002,0.011243,


    Mean ISI within Burst - Std (sec)
,GPR37L 1,GPR37L 2,LGI2 A12,SLITRK5,THSD7 1,THSD7 2,unt1,unt2,
B Mean,0.002883,0.003342,0.004092,0.002157,0.003591,0.004333,0.002507,0.003298,
B SEM,0.000305,0.000538,0.000810,0.000305,0.000445,0.000792,0.000639,0.000382,
B Replicates,0.001537,0.006529,0.001779,0.001680,0.001740,0.000836,0.002189,0.001688,
,0.002906,0.002686,0.001021,0.001372,0.001760,0.009016,0.009072,0.003109,
,0.001726,0.001532,0.004832,0.002612,0.004126,0.009475,0.002025,0.002134,
,0.003964,0.003134,0.003255,0.001123,0.006414,0.004635,0.000753,0.001545,
,0.004813,0.003320,0.002861,0.002273,0.003071,0.003322,0.002324,0.003619,
,0.003719,0.005319,0.003095,0.002777,0.004876,0.006752,0.000530,0.004576,
,0.002450,NaN,0.006769,0.004642,0.005352,0.003185,0.003377,0.002382,
,0.002112,0.005492,0.010957,NaN,0.002361,0.002225,0.001634,0.004275,
,0.003167,0.003761,0.004450,0.002179,0.002236,0.002081,0.002741,0.005259,
,0.002145,0.002206,0.001366,0.001843,0.005003,0.004271,0.002268,0.002464,
,0.003176,0.000981,0.002616,0.000953,0.002719,0.003917,0.001427,0.003185,
,NaN,0.001803,0.006103,0.002268,0.003431,0.002286,0.001739,0.005339,


    Median ISI within Burst - Avg (sec)
,GPR37L 1,GPR37L 2,LGI2 A12,SLITRK5,THSD7 1,THSD7 2,unt1,unt2,
B Mean,0.004611,0.004417,0.005339,0.008833,0.004785,0.005671,0.005679,0.004489,
B SEM,0.000329,0.000366,0.000569,0.004038,0.000207,0.000711,0.000913,0.000253,
B Replicates,0.004559,0.007264,0.004702,0.005691,0.004421,0.003357,0.003330,0.005516,
,0.003910,0.004066,0.003417,0.004684,0.004451,0.006358,0.014797,0.003838,
,0.004127,0.003472,0.004298,0.006537,0.004643,0.012700,0.005710,0.003906,
,0.005642,0.003805,0.005438,0.003622,0.006432,0.006591,0.003480,0.003604,
,0.005790,0.003736,0.004915,0.004412,0.004190,0.004723,0.005705,0.004133,
,0.004757,0.006017,0.004339,0.003500,0.005274,0.006162,0.003462,0.006029,
,0.004117,NaN,0.008641,0.005679,0.004858,0.004199,0.004809,0.004146,
,0.003689,0.003907,0.009922,0.053160,0.004029,0.004279,0.004918,0.003765,
,0.006956,0.005039,0.005832,0.005194,0.004631,0.005361,0.004809,0.004984,
,0.003583,0.003800,0.003850,0.004798,0.005653,0.006158,0.008234,0.004509,
,0.003591,0.003363,0.004380,0.003713,0.004899,0.004097,0.004482,0.003627,
,NaN,0.004118,0.004336,0.005010,0.003935,0.004070,0.004410,0.005811,


    Median ISI within Burst - Std (sec)
,GPR37L 1,GPR37L 2,LGI2 A12,SLITRK5,THSD7 1,THSD7 2,unt1,unt2,
B Mean,0.001318,0.001391,0.002458,0.001573,0.001700,0.002913,0.001876,0.001156,
B SEM,0.000274,0.000447,0.000835,0.000362,0.000341,0.000931,0.000645,0.000274,
B Replicates,0.001085,0.005096,0.001340,0.001657,0.001784,0.000332,0.000321,0.001112,
,0.000781,0.000832,0.000288,0.000960,0.000979,0.007635,0.008459,0.000440,
,0.000664,0.000221,0.001154,0.002575,0.001416,0.010296,0.001463,0.000406,
,0.002259,0.000760,0.002459,0.000508,0.003850,0.002969,0.000241,0.000433,
,0.002443,0.000697,0.001649,0.001675,0.000874,0.001126,0.001718,0.000994,
,0.001939,0.003049,0.001012,0.000425,0.002309,0.005305,0.000254,0.002106,
,0.001076,NaN,0.004800,0.004617,0.001275,0.000841,0.002281,0.000896,
,0.000374,0.001224,0.010757,NaN,0.000384,0.000567,0.000944,0.000775,
,0.002921,0.002013,0.003149,0.001335,0.001034,0.000921,0.001866,0.001955,
,0.000451,0.000593,0.000951,0.001539,0.004155,0.003188,0.002943,0.000824,
,0.000510,0.000341,0.000839,0.000454,0.001448,0.001029,0.001015,0.000358,
,NaN,0.000480,0.001099,0.001562,0.000895,0.000748,0.001004,0.003567,


    Median/Mean ISI within Burst - Avg
,GPR37L 1,GPR37L 2,LGI2 A12,SLITRK5,THSD7 1,THSD7 2,unt1,unt2,
B Mean,0.548582,0.575955,0.552369,0.718015,0.540819,0.569092,0.692630,0.532861,
B SEM,0.020896,0.021331,0.022680,0.034583,0.012754,0.029036,0.014774,0.019515,
B Replicates,0.676545,0.660433,0.735559,0.685788,0.561200,0.789461,0.655042,0.677067,
,0.463417,0.538704,0.630163,0.794852,0.617757,0.490584,0.746673,0.535409,
,0.604602,0.619692,0.472762,0.748199,0.526059,0.707564,0.664376,0.586266,
,0.436368,0.485007,0.507808,0.753389,0.609419,0.495089,0.710581,0.548719,
,0.537839,0.587407,0.460079,0.615102,0.492988,0.493769,0.716634,0.567735,
,0.488053,0.535099,0.542911,0.666314,0.514083,0.513857,0.749892,0.488054,
,0.534882,NaN,0.626068,0.629899,0.482563,0.570742,0.651381,0.492398,
,0.606619,0.487125,0.524997,1.044016,0.540836,0.536702,0.652493,0.392435,
,0.584783,0.545494,0.543285,0.674463,0.558726,0.534506,0.695296,0.493191,
,0.553590,0.550320,0.559340,0.740883,0.558063,0.626240,0.793477,0.541519,
,0.547700,0.712490,0.543589,0.586262,0.543802,0.623004,0.635290,0.527991,
,NaN,0.613730,0.481863,0.677008,0.484331,0.447587,0.640421,0.543549,


    Median/Mean ISI within Burst - Std
,GPR37L 1,GPR37L 2,LGI2 A12,SLITRK5,THSD7 1,THSD7 2,unt1,unt2,
B Mean,0.117022,0.100522,0.093314,0.085284,0.097432,0.114210,0.081959,0.102699,
B SEM,0.010143,0.008690,0.009637,0.009297,0.010684,0.015219,0.010170,0.013086,
B Replicates,0.157774,0.069599,0.046608,0.106634,0.094657,0.077397,0.161903,0.028641,
,0.087546,0.092931,0.054616,0.050858,0.065819,0.109574,0.078774,0.125062,
,0.085260,0.135427,0.091901,0.080463,0.119197,0.220261,0.054718,0.113853,
,0.060086,0.099888,0.058651,0.048017,0.068606,0.083389,0.067159,0.065611,
,0.144658,0.122458,0.085367,0.097816,0.116378,0.086351,0.055087,0.136837,
,0.122698,0.147669,0.100696,0.154217,0.178897,0.213313,0.029483,0.058645,
,0.094848,NaN,0.122055,0.106237,0.095661,0.145229,0.083224,0.047435,
,0.121381,0.095377,0.134858,NaN,0.096135,0.119212,0.129466,0.094652,
,0.102069,0.116688,0.150703,0.061939,0.048130,0.080328,0.100132,0.105538,
,0.150394,0.051962,0.084284,0.070865,0.142112,0.086889,0.080106,0.122926,
,0.160532,0.073604,0.069273,0.068100,0.069241,0.087243,0.074376,0.154090,
,NaN,0.100138,0.120756,0.092979,0.074355,0.061337,0.069079,0.179103,


    Inter-Burst Interval - Avg (sec)
,GPR37L 1,GPR37L 2,LGI2 A12,SLITRK5,THSD7 1,THSD7 2,unt1,unt2,
B Mean,7.912413,5.864876,10.533405,7.902395,9.736273,4.046282,10.187130,8.269970,
B SEM,1.319874,1.035018,2.812477,1.617418,2.437735,0.893803,3.162469,2.086036,
B Replicates,5.882771,5.798833,2.322310,8.578246,11.215127,2.761950,43.198930,7.202813,
,5.258227,10.523084,1.835057,2.699686,2.663613,2.824567,6.910613,4.875487,
,7.077191,4.522610,3.370426,3.680625,3.668265,0.484100,5.053404,8.620467,
,10.189770,8.782166,6.916943,7.021987,2.495473,0.892853,4.573051,4.684169,
,18.412047,6.582737,6.274649,9.103790,17.697026,9.438776,4.064744,18.383445,
,10.011975,12.248304,10.526542,6.011169,15.615000,0.451520,4.658539,6.935137,
,5.489171,NaN,8.178339,7.361041,2.772507,5.551290,8.341339,2.933698,
,2.199239,2.032495,9.888146,13.185867,8.764832,8.011133,7.158446,NaN,
,11.020073,4.518471,15.408240,8.411126,8.241433,4.945488,5.430331,0.914713,
,4.654903,4.798997,19.502540,5.714087,8.850047,5.186272,7.624835,6.592803,
,6.841179,3.415253,5.508241,22.360860,3.745633,3.961148,8.134833,21.556970,
,NaN,1.290690,36.669423,0.700250,31.106320,NaN,17.096500,NaN,


    Inter-Burst Interval - Std (sec)
,GPR37L 1,GPR37L 2,LGI2 A12,SLITRK5,THSD7 1,THSD7 2,unt1,unt2,
B Mean,0.593978,0.500854,1.787950,0.716207,1.978311,0.444420,0.616243,0.421660,
B SEM,0.171724,0.238733,0.720096,0.300895,0.756151,0.192141,0.206523,0.323773,
B Replicates,1.120476,1.893168,0.037365,3.247359,0.660745,0.122482,0.016390,3.285950,
,0.316905,0.000565,0.088496,0.297458,0.272728,1.663503,1.660891,0.001384,
,0.000443,0.000465,0.593576,2.231399,0.002564,0.300184,0.478392,0.000535,
,0.738951,0.000669,1.558527,0.000615,1.161258,0.015417,0.000296,0.375920,
,0.013507,0.000395,0.332020,1.299176,6.767661,1.572832,0.166586,0.000601,
,1.161271,2.074830,0.743430,0.261546,5.031994,0.000000,0.000332,0.522530,
,0.000226,NaN,1.138838,0.722934,0.744457,0.001265,1.946841,0.000246,
,0.686468,0.935058,5.545320,0.000000,0.001118,0.000355,0.002028,NaN,
,1.629374,0.000094,3.949448,0.011933,0.492483,0.160842,1.137400,0.001378,
,0.001307,0.507642,0.004279,0.459139,0.862370,0.918454,1.266116,0.000232,
,0.864835,0.087063,0.000252,0.003237,0.875898,0.133287,0.695813,0.027822,
,NaN,0.009447,7.463853,0.059691,6.866453,NaN,0.023829,NaN,


    Burst Frequency - Avg (Hz)
,GPR37L 1,GPR37L 2,LGI2 A12,SLITRK5,THSD7 1,THSD7 2,unt1,unt2,
B Mean,0.146402,0.177273,0.174504,0.142063,0.159772,0.148512,0.132118,0.107639,
B SEM,0.035651,0.041692,0.045327,0.030233,0.036381,0.038501,0.019141,0.021231,
B Replicates,0.133333,0.150000,0.397917,0.133333,0.102083,0.362500,0.033333,0.095833,
,0.187500,0.100000,0.533333,0.372917,0.329167,0.408333,0.095833,0.197917,
,0.133333,0.216667,0.293750,0.320833,0.050000,0.027083,0.179167,0.116667,
,0.085417,0.045833,0.158333,0.133333,0.400000,0.023810,0.200000,0.208333,
,0.066667,0.150000,0.154167,0.072917,0.062500,0.110417,0.239583,0.050000,
,0.106250,0.072917,0.085417,0.164583,0.058333,0.018750,0.183333,0.122917,
,0.166667,NaN,0.110417,0.121429,0.321429,0.083333,0.100000,0.216667,
,0.477083,0.533333,0.087500,0.066667,0.116667,0.116667,0.100000,0.016667,
,0.093750,0.233333,0.037500,0.083333,0.137500,0.185417,0.189583,0.066667,
,0.031250,0.179167,0.033333,0.152083,0.087500,0.191667,0.133333,0.150000,
,0.129167,0.235417,0.166667,0.050000,0.218750,0.237500,0.097917,0.033333,
,NaN,0.033333,0.035714,0.033333,0.033333,0.016667,0.033333,0.016667,


    Burst Frequency - Std (Hz)
,GPR37L 1,GPR37L 2,LGI2 A12,SLITRK5,THSD7 1,THSD7 2,unt1,unt2,
B Mean,0.017429,0.026210,0.017108,0.023983,0.027808,0.020752,0.012605,0.004475,
B SEM,0.009308,0.014205,0.005040,0.011572,0.010692,0.011051,0.004013,0.002206,
B Replicates,0.023570,0.103126,0.005893,0.051819,0.005893,0.014773,0.000000,0.021362,
,0.011785,0.000000,0.025198,0.049552,0.027817,0.138013,0.023146,0.005893,
,0.000000,0.000000,0.043587,0.124642,0.000000,0.012400,0.014773,0.000000,
,0.005893,0.011785,0.047140,0.000000,0.122474,0.008909,0.000000,0.017817,
,0.000000,0.000000,0.007715,0.008626,0.014773,0.019796,0.012400,0.000000,
,0.012400,0.012400,0.005893,0.005893,0.015430,0.005893,0.000000,0.008626,
,0.000000,NaN,0.015269,0.012599,0.075593,0.000000,0.025198,0.000000,
,0.107989,0.135693,0.040581,NaN,0.000000,0.000000,0.000000,0.000000,
,0.012400,0.000000,0.007715,0.000000,0.007715,0.005893,0.037731,0.000000,
,0.005893,0.019416,0.000000,0.010681,0.007715,0.035635,0.032121,0.000000,
,0.011785,0.005893,0.000000,0.000000,0.046665,0.007715,0.005893,0.000000,
,NaN,0.000000,0.006299,0.000000,0.009623,0.000000,0.000000,0.000000,


    IBI Coefficient of Variation - Avg
,GPR37L 1,GPR37L 2,LGI2 A12,SLITRK5,THSD7 1,THSD7 2,unt1,unt2,
B Mean,0.785661,0.960391,1.008718,0.712953,0.863069,0.740124,0.702207,0.620612,
B SEM,0.128034,0.224292,0.150591,0.084379,0.130279,0.145334,0.048375,0.146055,
B Replicates,0.831598,0.421004,0.571493,0.661577,0.388233,0.382036,NaN,1.223321,
,0.512914,0.677714,1.855346,0.609141,1.192147,1.640628,1.013026,0.226874,
,0.396369,0.378207,1.714967,0.710172,0.342245,0.496250,0.797189,0.339289,
,0.780010,0.456694,0.639391,1.270253,1.527815,NaN,0.624724,0.894703,
,0.681390,0.660936,0.569310,0.878283,0.481902,0.898522,0.577214,0.098631,
,0.636254,0.803756,0.665677,0.535725,0.838013,NaN,0.775856,0.753310,
,0.399733,NaN,0.437291,0.426585,1.049632,0.924108,0.601100,1.259509,
,1.781241,2.423574,1.114331,0.287083,0.264961,0.342543,0.841875,NaN,
,0.779587,0.611933,1.339493,1.072048,0.984176,0.461733,0.646439,0.217125,
,NaN,1.133815,NaN,0.634459,0.531800,0.420721,0.496982,0.572746,
,1.057518,2.036276,0.795203,0.757158,1.363653,1.094571,0.647670,NaN,
,NaN,NaN,1.393395,NaN,1.392248,NaN,NaN,NaN,


    IBI Coefficient of Variation - Std
,GPR37L 1,GPR37L 2,LGI2 A12,SLITRK5,THSD7 1,THSD7 2,unt1,unt2,
B Mean,0.099396,0.098379,0.129144,0.069515,0.097284,0.102748,0.106053,0.058442,
B SEM,0.028929,0.044695,0.050147,0.025343,0.025744,0.050257,0.036251,0.038258,
B Replicates,0.174436,0.235343,0.008380,0.271177,0.090247,0.022892,NaN,0.350299,
,0.066559,0.000170,0.056137,0.063555,0.092822,0.435987,0.336977,0.004379,
,0.000240,0.000186,0.176169,0.127347,0.000595,0.000000,0.081574,0.000113,
,0.080106,0.000340,0.242652,0.000959,0.240387,NaN,0.000177,0.085973,
,0.000431,0.000902,0.058064,0.094989,0.150119,0.176480,0.045830,0.000070,
,0.132345,0.200020,0.083453,0.007934,0.000452,NaN,0.000444,0.077137,
,0.000172,NaN,0.198477,0.129679,0.200620,0.000618,0.263710,0.000444,
,0.282323,0.411753,0.562192,0.000000,0.000280,0.000258,0.001049,NaN,
,0.164054,0.000281,0.033873,0.004507,0.060672,0.043736,0.149920,0.007429,
,NaN,0.103113,NaN,0.063956,0.114655,0.230196,0.096051,0.000133,
,0.093292,0.031681,0.001182,0.000565,0.216564,0.014565,0.084796,NaN,
,NaN,NaN,0.000000,NaN,0.000000,NaN,NaN,NaN,


    Burst Percentage - Avg
,GPR37L 1,GPR37L 2,LGI2 A12,SLITRK5,THSD7 1,THSD7 2,unt1,unt2,
B Mean,96.580769,88.380373,95.781908,90.818374,92.470260,95.441362,96.647906,97.195840,
B SEM,0.609753,8.125942,1.365131,3.080090,2.015695,1.406299,0.772813,1.136772,
B Replicates,95.986075,85.725504,99.889868,80.104558,95.863472,99.002086,98.380160,96.738722,
,94.780863,99.361449,99.663075,97.684731,98.289676,89.844098,93.609772,99.399517,
,99.705607,100.000000,94.718449,91.460033,98.912894,91.633806,96.347573,99.677300,
,95.593404,91.841831,98.428923,99.940476,86.607316,83.990911,99.655160,99.071339,
,95.020791,98.013707,98.464472,90.230612,89.333763,94.892393,94.780160,98.281011,
,96.644278,96.160937,98.685207,98.555627,89.529746,93.468772,100.000000,98.316132,
,99.543425,0.000000,94.990074,84.651502,80.182996,98.262627,94.037405,99.638425,
,96.209495,93.580094,90.876162,64.150943,99.402995,99.622944,98.548362,95.464286,
,98.498087,99.321553,93.781230,87.205882,97.989095,99.263853,97.728294,96.668794,
,93.235881,98.133079,97.229605,99.746021,95.638902,98.250187,94.010944,98.757019,
,97.170552,99.694871,99.068171,98.295525,97.076243,98.839056,92.873895,98.920863,
,NaN,98.731456,83.587662,97.794574,80.816022,98.225610,99.803150,85.416667,


    Burst Percentage - Std
,GPR37L 1,GPR37L 2,LGI2 A12,SLITRK5,THSD7 1,THSD7 2,unt1,unt2,
B Mean,5.231932,5.046165,5.950487,13.070416,11.812393,6.855464,4.911917,5.063713,
B SEM,1.506645,1.978302,2.793391,4.507629,3.622600,2.704568,1.372069,2.754752,
B Replicates,4.635236,6.189544,0.311501,33.153043,5.685456,1.211835,3.720793,3.341870,
,13.355267,1.233776,0.572908,2.057748,1.643736,11.029981,4.781721,0.751439,
,0.423540,0.000000,7.423381,6.172666,1.560361,6.427612,4.837820,0.387646,
,3.367714,21.588566,1.152097,0.168359,18.770156,34.320905,0.379246,0.648324,
,3.345986,2.502754,1.501279,21.781964,15.200554,6.400332,10.890696,1.592624,
,6.474088,3.958622,0.799888,2.481999,17.553098,10.419540,0.000000,1.511148,
,0.606126,NaN,6.241543,34.982374,33.566286,2.839026,8.071792,0.493317,
,5.075522,12.808905,8.295645,NaN,1.144298,0.530302,2.287606,6.881653,
,1.156896,0.838584,4.303976,35.246116,1.314475,1.180491,2.338302,4.859939,
,15.729715,3.535868,4.216149,0.549147,5.012526,3.051545,5.023375,2.526079,
,3.381166,0.578693,1.238673,3.525604,4.166126,0.585619,16.054875,3.052259,
,NaN,2.272504,35.348809,3.655553,36.131644,4.268377,0.556777,34.718254,


    Number of Network Bursts
,GPR37L 1,GPR37L 2,LGI2 A12,SLITRK5,THSD7 1,THSD7 2,unt1,unt2,
B Mean,6.500000,8.750000,9.500000,7.583333,7.666667,8.250000,7.833333,6.416667,
B SEM,1.118034,1.946734,2.481752,1.876725,1.431958,1.992885,1.185987,1.258055,
B Replicates,7.000000,6.000000,24.000000,5.000000,6.000000,22.000000,2.000000,6.000000,
,11.000000,6.000000,29.000000,23.000000,12.000000,17.000000,4.000000,12.000000,
,8.000000,13.000000,11.000000,16.000000,3.000000,1.000000,11.000000,7.000000,
,5.000000,3.000000,8.000000,8.000000,18.000000,2.000000,12.000000,12.000000,
,4.000000,9.000000,9.000000,4.000000,4.000000,7.000000,14.000000,3.000000,
,6.000000,4.000000,4.000000,10.000000,4.000000,1.000000,11.000000,7.000000,
,10.000000,0.000000,6.000000,7.000000,15.000000,5.000000,6.000000,13.000000,
,14.000000,24.000000,7.000000,0.000000,7.000000,7.000000,6.000000,1.000000,
,5.000000,14.000000,2.000000,5.000000,8.000000,11.000000,12.000000,4.000000,
,2.000000,10.000000,2.000000,9.000000,5.000000,11.000000,8.000000,9.000000,
,6.000000,14.000000,10.000000,3.000000,8.000000,14.000000,6.000000,2.000000,
,0.000000,2.000000,2.000000,1.000000,2.000000,1.000000,2.000000,1.000000,


    Network Burst Frequency
,GPR37L 1,GPR37L 2,LGI2 A12,SLITRK5,THSD7 1,THSD7 2,unt1,unt2,
B Mean,0.118182,0.159091,0.158333,0.137879,0.127778,0.137500,0.130555,0.106945,
B SEM,0.017328,0.032440,0.041363,0.031869,0.023866,0.033215,0.019766,0.020968,
B Replicates,0.116667,0.100000,0.400000,0.083333,0.100000,0.366667,0.033333,0.100000,
,0.183333,0.100000,0.483333,0.383333,0.200000,0.283333,0.066667,0.200000,
,0.133333,0.216667,0.183333,0.266667,0.050000,0.016667,0.183333,0.116667,
,0.083333,0.050000,0.133333,0.133333,0.300000,0.033333,0.200000,0.200000,
,0.066667,0.150000,0.150000,0.066667,0.066667,0.116667,0.233333,0.050000,
,0.100000,0.066667,0.066667,0.166667,0.066667,0.016667,0.183333,0.116667,
,0.166667,NaN,0.100000,0.116667,0.250000,0.083333,0.100000,0.216667,
,0.233333,0.400000,0.116667,NaN,0.116667,0.116667,0.100000,0.016667,
,0.083333,0.233333,0.033333,0.083333,0.133333,0.183333,0.200000,0.066667,
,0.033333,0.166667,0.033333,0.150000,0.083333,0.183333,0.133333,0.150000,
,0.100000,0.233333,0.166667,0.050000,0.133333,0.233333,0.100000,0.033333,
,NaN,0.033333,0.033333,0.016667,0.033333,0.016667,0.033333,0.016667,


    Network Burst Duration - Avg (sec)
,GPR37L 1,GPR37L 2,LGI2 A12,SLITRK5,THSD7 1,THSD7 2,unt1,unt2,
B Mean,0.484076,0.349086,0.525806,0.336915,0.450301,0.394878,0.416858,0.429473,
B SEM,0.053531,0.040428,0.068274,0.072785,0.038823,0.041722,0.070808,0.071712,
B Replicates,0.322400,0.293733,0.177377,0.547120,0.436680,0.125705,0.579520,0.288533,
,0.382764,0.371587,0.214463,0.192226,0.627093,0.451172,1.085780,0.302527,
,0.276470,0.239692,0.477142,0.150610,0.431653,0.477520,0.397156,0.286423,
,0.704992,0.238747,0.502010,0.139190,0.368036,0.529200,0.217200,0.404587,
,0.640640,0.395511,0.555271,0.470980,0.627060,0.399886,0.303611,0.460853,
,0.477147,0.719600,0.698680,0.207952,0.390580,0.705600,0.151164,0.468834,
,0.262320,NaN,0.671320,0.331017,0.492064,0.376160,0.518587,0.235452,
,0.631269,0.309073,0.848000,NaN,0.200880,0.326537,0.375853,1.183120,
,0.506208,0.288600,0.949080,0.255456,0.351920,0.326618,0.266527,0.420820,
,0.361080,0.336832,0.500160,0.208364,0.600544,0.392764,0.323050,0.342969,
,0.759547,0.268971,0.324808,0.250907,0.559180,0.243537,0.293053,0.403320,
,NaN,0.377600,0.391360,0.952240,0.317920,0.383840,0.490800,0.356240,


    Network Burst Duration - Std (sec)
,GPR37L 1,GPR37L 2,LGI2 A12,SLITRK5,THSD7 1,THSD7 2,unt1,unt2,
B Mean,0.180329,0.121103,0.184745,0.117637,0.183899,0.161749,0.188571,0.060588,
B SEM,0.048869,0.028445,0.041928,0.029742,0.037738,0.049296,0.024132,0.008676,
B Replicates,0.251937,0.205268,0.040577,0.342031,0.035666,0.027582,0.247996,0.095700,
,0.097335,0.094300,0.166248,0.165644,0.352912,0.467118,0.197228,0.061237,
,0.033046,0.035364,0.360213,0.063105,0.124740,NaN,0.250884,0.047132,
,0.186002,0.031466,0.064551,0.017156,0.330355,0.321649,0.162105,0.096755,
,0.099493,0.035131,0.083152,0.163287,0.200983,0.123298,0.230537,0.054504,
,0.083373,0.220475,0.294519,0.057897,0.059872,NaN,0.044459,0.087536,
,0.083143,NaN,0.198999,0.146679,0.320647,0.042403,0.308548,0.046607,
,0.565636,0.303102,0.501537,NaN,0.051202,0.146313,0.217368,NaN,
,0.175951,0.045419,0.252805,0.087762,0.095387,0.042262,0.154706,0.058290,
,0.039541,0.097862,0.157826,0.091368,0.269742,0.202435,0.247619,0.052523,
,0.368163,0.065072,0.039829,0.041437,0.333157,0.082677,0.174365,0.005600,
,NaN,0.198669,0.056682,NaN,0.032131,NaN,0.027040,NaN,


    Number of Spikes per Network Burst - Avg
,GPR37L 1,GPR37L 2,LGI2 A12,SLITRK5,THSD7 1,THSD7 2,unt1,unt2,
B Mean,239.566558,245.866181,265.944483,221.958620,213.229927,214.303190,220.941153,249.717160,
B SEM,11.936044,18.638422,18.870796,38.722661,18.658650,21.443082,18.477248,19.359204,
B Replicates,228.285714,157.666667,167.250000,202.800000,188.833333,179.863636,329.000000,173.166667,
,230.000000,246.166667,167.517241,148.304348,317.583333,204.294118,264.000000,197.416667,
,236.875000,210.230769,256.727273,109.500000,253.333333,161.000000,178.636364,225.000000,
,208.600000,183.333333,274.625000,182.750000,157.222222,192.500000,214.666667,311.083333,
,250.500000,290.222222,235.333333,292.500000,203.000000,172.142857,217.714286,320.666667,
,194.333333,352.750000,375.000000,224.700000,117.000000,410.000000,172.818182,252.428571,
,175.200000,NaN,230.666667,155.857143,200.933333,235.000000,248.833333,178.538462,
,315.071429,178.458333,263.714286,NaN,125.428571,139.571429,188.166667,400.000000,
,268.200000,219.785714,361.000000,155.800000,203.125000,160.000000,161.666667,237.250000,
,249.000000,294.700000,320.500000,192.666667,307.800000,207.909091,133.625000,211.555556,
,279.166667,262.214286,244.000000,194.666667,272.000000,211.357143,202.666667,277.500000,
,NaN,309.000000,295.000000,582.000000,212.500000,298.000000,339.500000,212.000000,


    Number of Spikes per Network Burst - Std
,GPR37L 1,GPR37L 2,LGI2 A12,SLITRK5,THSD7 1,THSD7 2,unt1,unt2,
B Mean,54.572042,46.172435,60.880577,38.403685,50.516758,69.499193,47.047466,28.224717,
B SEM,20.705166,11.451307,17.542412,9.475390,16.471827,22.499207,10.100262,5.720769,
B Replicates,78.957192,23.096897,44.387866,89.884370,11.889772,39.169103,11.313708,48.519755,
,17.210462,26.806094,100.772240,55.878468,144.190189,181.804072,115.939639,32.958537,
,17.266297,36.932718,169.776966,56.809624,19.218047,NaN,41.355224,12.806248,
,19.411337,12.662280,15.445180,17.161002,109.921124,191.625938,79.679281,58.927472,
,14.753531,24.350451,19.634154,12.767145,12.328828,58.070155,72.053857,5.507571,
,17.716283,26.737926,139.168962,11.537860,6.377042,NaN,22.175744,12.739141,
,29.112044,NaN,17.177505,6.148945,109.292182,31.088583,85.838026,28.981648,
,239.141884,143.308114,148.513427,NaN,17.453339,18.482939,18.988593,NaN,
,36.731458,17.241179,4.242641,38.460369,9.701804,24.265201,59.707367,44.017989,
,18.384776,60.543923,21.920310,77.213988,6.140033,46.094370,32.473891,10.211649,
,111.607198,65.506522,18.414970,18.175075,142.011066,34.892378,7.366591,27.577164,
,NaN,70.710678,31.112698,NaN,17.677670,NaN,17.677670,NaN,


    Mean ISI within Network Burst - Avg (sec)
,GPR37L 1,GPR37L 2,LGI2 A12,SLITRK5,THSD7 1,THSD7 2,unt1,unt2,
B Mean,0.001977,0.001415,0.001958,0.001541,0.002126,0.002028,0.002117,0.001686,
B SEM,0.000208,0.000094,0.000224,0.000147,0.000166,0.000245,0.000328,0.000130,
B Replicates,0.001273,0.001808,0.001097,0.002345,0.002329,0.000716,0.001755,0.001860,
,0.001673,0.001513,0.001220,0.001396,0.001875,0.001904,0.005001,0.001556,
,0.001175,0.001164,0.001738,0.001900,0.001699,0.002984,0.002401,0.001274,
,0.003352,0.001306,0.001838,0.000767,0.002075,0.003851,0.000912,0.001325,
,0.002558,0.001373,0.002365,0.001602,0.003078,0.002532,0.001374,0.001442,
,0.002464,0.002021,0.001849,0.000931,0.003367,0.001725,0.000870,0.001854,
,0.001480,NaN,0.002900,0.002134,0.002293,0.001628,0.002961,0.001357,
,0.001758,0.001696,0.003641,NaN,0.001616,0.002310,0.002037,0.002965,
,0.001861,0.001315,0.002632,0.001767,0.001733,0.002074,0.002727,0.001811,
,0.001466,0.001131,0.001552,0.001171,0.001952,0.002165,0.002471,0.001632,
,0.002690,0.001053,0.001340,0.001299,0.001989,0.001151,0.001438,0.001467,
,NaN,0.001183,0.001328,0.001639,0.001502,0.001292,0.001454,0.001688,


    Mean ISI within Network Burst - Std (sec)
,GPR37L 1,GPR37L 2,LGI2 A12,SLITRK5,THSD7 1,THSD7 2,unt1,unt2,
B Mean,0.000404,0.000333,0.000423,0.000716,0.000456,0.000811,0.001507,0.000320,
B SEM,0.000052,0.000081,0.000133,0.000143,0.000070,0.000254,0.000351,0.000070,
B Replicates,0.000735,0.001009,0.000231,0.001047,0.000188,0.000127,0.000696,0.000915,
,0.000426,0.000311,0.000232,0.001085,0.000368,0.000523,0.002778,0.000265,
,0.000137,0.000198,0.000271,0.001506,0.000389,NaN,0.001930,0.000164,
,0.000593,0.000087,0.000241,0.000078,0.000653,0.002174,0.000332,0.000360,
,0.000263,0.000133,0.000259,0.000483,0.000819,0.000836,0.000990,0.000174,
,0.000330,0.000457,0.000101,0.000264,0.000479,NaN,0.000188,0.000261,
,0.000266,NaN,0.000747,0.000930,0.000556,0.000267,0.003695,0.000352,
,0.000486,0.000560,0.001722,NaN,0.000339,0.000864,0.001270,NaN,
,0.000496,0.000151,0.000671,0.000793,0.000432,0.000239,0.003271,0.000273,
,0.000268,0.000147,0.000387,0.000754,0.000865,0.001970,0.001946,0.000264,
,0.000442,0.000235,0.000166,0.000222,0.000363,0.000302,0.000827,0.000167,
,NaN,0.000373,0.000052,NaN,0.000026,NaN,0.000156,NaN,


    Median ISI within Network Burst - Avg (sec)
,GPR37L 1,GPR37L 2,LGI2 A12,SLITRK5,THSD7 1,THSD7 2,unt1,unt2,
B Mean,0.000657,0.000539,0.000721,0.000616,0.000660,0.000752,0.000709,0.000657,
B SEM,0.000064,0.000032,0.000109,0.000051,0.000033,0.000105,0.000083,0.000062,
B Replicates,0.000434,0.000773,0.000558,0.000784,0.000547,0.000416,0.000400,0.000860,
,0.000509,0.000547,0.000450,0.000697,0.000530,0.000475,0.001400,0.000547,
,0.000575,0.000452,0.000524,0.000960,0.000613,0.001000,0.000876,0.000549,
,0.000800,0.000587,0.000575,0.000410,0.000607,0.001720,0.000420,0.000433,
,0.001080,0.000471,0.000627,0.000580,0.000840,0.001006,0.000577,0.000480,
,0.000973,0.000580,0.000640,0.000432,0.000900,0.000640,0.000455,0.000697,
,0.000632,NaN,0.000787,0.000560,0.000712,0.000592,0.000787,0.000471,
,0.000531,0.000453,0.001874,NaN,0.000549,0.000646,0.000633,0.001120,
,0.000712,0.000631,0.000800,0.000784,0.000640,0.000709,0.000887,0.000580,
,0.000520,0.000480,0.000600,0.000507,0.000624,0.000844,0.000960,0.000631,
,0.000460,0.000397,0.000576,0.000507,0.000640,0.000491,0.000573,0.000560,
,NaN,0.000560,0.000640,0.000560,0.000720,0.000480,0.000540,0.000960,


    Median ISI within Network Burst - Std (sec)
,GPR37L 1,GPR37L 2,LGI2 A12,SLITRK5,THSD7 1,THSD7 2,unt1,unt2,
B Mean,0.000078,0.000083,0.000158,0.000250,0.000067,0.000338,0.000476,0.000088,
B SEM,0.000009,0.000030,0.000077,0.000079,0.000014,0.000142,0.000126,0.000047,
B Replicates,0.000043,0.000367,0.000206,0.000291,0.000033,0.000066,0.000000,0.000501,
,0.000054,0.000079,0.000052,0.000577,0.000046,0.000066,0.001309,0.000112,
,0.000085,0.000055,0.000058,0.000763,0.000046,NaN,0.000882,0.000030,
,0.000150,0.000122,0.000052,0.000047,0.000057,0.001188,0.000091,0.000041,
,0.000103,0.000048,0.000075,0.000120,0.000046,0.000653,0.000325,0.000000,
,0.000060,0.000077,0.000092,0.000041,0.000189,NaN,0.000051,0.000060,
,0.000088,NaN,0.000147,0.000065,0.000092,0.000044,0.000837,0.000024,
,0.000081,0.000055,0.000989,NaN,0.000072,0.000099,0.000261,NaN,
,0.000091,0.000070,0.000113,0.000327,0.000096,0.000088,0.000961,0.000040,
,0.000057,0.000000,0.000057,0.000222,0.000088,0.000788,0.000660,0.000074,
,0.000049,0.000040,0.000051,0.000046,0.000043,0.000053,0.000309,0.000000,
,NaN,0.000000,0.000000,NaN,0.000000,NaN,0.000028,NaN,


    Median/Mean ISI within Network Burst - Avg
,GPR37L 1,GPR37L 2,LGI2 A12,SLITRK5,THSD7 1,THSD7 2,unt1,unt2,
B Mean,0.363166,0.400133,0.376539,0.440088,0.334535,0.384267,0.387128,0.393089,
B SEM,0.028473,0.021686,0.024896,0.024454,0.018335,0.023718,0.026566,0.019174,
B Replicates,0.436402,0.459937,0.504627,0.397659,0.236374,0.591876,0.247374,0.448644,
,0.317395,0.366049,0.378623,0.521897,0.292361,0.266495,0.247019,0.358322,
,0.493935,0.398466,0.308261,0.528404,0.370382,0.335064,0.348685,0.435752,
,0.240983,0.447717,0.316612,0.541062,0.321947,0.427696,0.486268,0.342409,
,0.423475,0.345307,0.268879,0.371374,0.286816,0.379834,0.462789,0.336009,
,0.400891,0.292093,0.346554,0.488012,0.267316,0.370975,0.536797,0.381175,
,0.437640,NaN,0.276423,0.302866,0.327482,0.373068,0.306459,0.366096,
,0.318874,0.288452,0.500291,NaN,0.349217,0.299918,0.346197,0.377713,
,0.394849,0.483662,0.308456,0.478852,0.383579,0.345454,0.412366,0.325297,
,0.357175,0.430345,0.394297,0.467713,0.367060,0.407432,0.450978,0.392827,
,0.173206,0.391294,0.433289,0.401451,0.332473,0.441989,0.426025,0.384216,
,NaN,0.498140,0.482157,0.341679,0.479414,0.371405,0.374584,0.568605,


    Median/Mean ISI within Network Burst - Std
,GPR37L 1,GPR37L 2,LGI2 A12,SLITRK5,THSD7 1,THSD7 2,unt1,unt2,
B Mean,0.069380,0.074156,0.056319,0.122382,0.070894,0.077762,0.098212,0.062132,
B SEM,0.014725,0.010748,0.008474,0.014907,0.010615,0.005190,0.007359,0.005987,
B Replicates,0.199033,0.109203,0.136309,0.234313,0.027473,0.097333,0.098051,0.096612,
,0.065763,0.037550,0.068471,0.108099,0.063130,0.083757,0.083287,0.077220,
,0.085256,0.086769,0.060098,0.134855,0.061087,NaN,0.064755,0.051333,
,0.038902,0.075119,0.043414,0.096384,0.104727,0.067010,0.098666,0.068621,
,0.037551,0.041067,0.049624,0.060475,0.071984,0.102662,0.127261,0.038962,
,0.058993,0.039397,0.049748,0.104126,0.045277,NaN,0.090789,0.054432,
,0.090696,NaN,0.034852,0.115138,0.091626,0.077026,0.086487,0.084302,
,0.077500,0.075024,0.071379,NaN,0.073830,0.069293,0.082053,NaN,
,0.061611,0.058519,0.035672,0.161881,0.083012,0.051736,0.138186,0.047727,
,0.026737,0.052862,0.061989,0.103546,0.151728,0.079087,0.127426,0.058486,
,0.021139,0.082984,0.045325,0.105001,0.068432,0.071950,0.121984,0.043625,
,NaN,0.157221,0.018953,NaN,0.008417,NaN,0.059594,NaN,


    Number of Elecs Participating in Burst - Avg
,GPR37L 1,GPR37L 2,LGI2 A12,SLITRK5,THSD7 1,THSD7 2,unt1,unt2,
B Mean,8.000000,8.000000,7.886905,7.790260,7.880556,7.884740,7.965278,8.000000,
B SEM,0.000000,0.000000,0.079354,0.100602,0.084831,0.060357,0.023965,0.000000,
B Replicates,8.000000,8.000000,8.000000,7.200000,8.000000,8.000000,8.000000,8.000000,
,8.000000,8.000000,8.000000,8.000000,8.000000,8.000000,8.000000,8.000000,
,8.000000,8.000000,8.000000,7.750000,8.000000,8.000000,8.000000,8.000000,
,8.000000,8.000000,8.000000,8.000000,8.000000,7.500000,8.000000,8.000000,
,8.000000,8.000000,8.000000,8.000000,8.000000,7.571429,8.000000,8.000000,
,8.000000,8.000000,8.000000,8.000000,8.000000,8.000000,8.000000,8.000000,
,8.000000,NaN,8.000000,7.142857,7.066667,8.000000,7.833333,8.000000,
,8.000000,8.000000,7.142857,NaN,8.000000,8.000000,8.000000,8.000000,
,8.000000,8.000000,8.000000,7.600000,8.000000,8.000000,7.750000,8.000000,
,8.000000,8.000000,8.000000,8.000000,8.000000,7.545455,8.000000,8.000000,
,8.000000,8.000000,8.000000,8.000000,8.000000,8.000000,8.000000,8.000000,
,NaN,8.000000,7.500000,8.000000,7.500000,8.000000,8.000000,8.000000,


    Number of Elecs Participating in Burst - Std
,GPR37L 1,GPR37L 2,LGI2 A12,SLITRK5,THSD7 1,THSD7 2,unt1,unt2,
B Mean,0.000000,0.000000,0.133903,0.195025,0.080442,0.372062,0.106189,0.000000,
B SEM,0.000000,0.000000,0.091053,0.081366,0.060866,0.197645,0.076937,0.000000,
B Replicates,0.000000,0.000000,0.000000,0.447214,0.000000,0.000000,0.000000,0.000000,
,0.000000,0.000000,0.000000,0.000000,0.000000,0.000000,0.000000,0.000000,
,0.000000,0.000000,0.000000,0.577350,0.000000,NaN,0.000000,0.000000,
,0.000000,0.000000,0.000000,0.000000,0.000000,0.707107,0.000000,0.000000,
,0.000000,0.000000,0.000000,0.000000,0.000000,1.133893,0.000000,0.000000,
,0.000000,0.000000,0.000000,0.000000,0.000000,NaN,0.000000,0.000000,
,0.000000,NaN,0.000000,0.377964,0.258199,0.000000,0.408248,0.000000,
,0.000000,0.000000,0.899735,NaN,0.000000,0.000000,0.000000,NaN,
,0.000000,0.000000,0.000000,0.547723,0.000000,0.000000,0.866025,0.000000,
,0.000000,0.000000,0.000000,0.000000,0.000000,1.507557,0.000000,0.000000,
,0.000000,0.000000,0.000000,0.000000,0.000000,0.000000,0.000000,0.000000,
,NaN,0.000000,0.707107,NaN,0.707107,NaN,0.000000,NaN,


    Number of Spikes per Network Burst per Channel - Avg
,GPR37L 1,GPR37L 2,LGI2 A12,SLITRK5,THSD7 1,THSD7 2,unt1,unt2,
B Mean,29.945820,30.733273,33.703697,28.333401,27.095854,27.022355,27.676225,31.214645,
B SEM,1.492005,2.329803,2.409366,4.779398,2.335669,2.667696,2.304182,2.419900,
B Replicates,28.535714,19.708333,20.906250,28.275000,23.604167,22.482955,41.125000,21.645833,
,28.750000,30.770833,20.939655,18.538043,39.697917,25.536765,33.000000,24.677083,
,29.609375,26.278846,32.090909,13.957217,31.666667,20.125000,22.329545,28.125000,
,26.075000,22.916667,34.328125,22.843750,19.652778,24.571429,26.833333,38.885417,
,31.312500,36.277778,29.416667,36.562500,25.375000,22.117857,27.214286,40.083333,
,24.291667,44.093750,46.875000,28.087500,14.625000,51.250000,21.602273,31.553571,
,21.900000,NaN,28.833333,21.872449,28.413095,29.375000,31.419643,22.317308,
,39.383929,22.307292,35.661565,NaN,15.678571,17.446429,23.520833,50.000000,
,33.525000,27.473214,45.125000,20.364286,25.390625,20.000000,20.595833,29.656250,
,31.125000,36.837500,40.062500,24.083333,38.475000,27.693182,16.703125,26.444444,
,34.895833,32.776786,30.500000,24.333333,34.000000,26.419643,25.333333,34.687500,
,NaN,38.625000,39.705357,72.750000,28.571429,37.250000,42.437500,26.500000,


    Number of Spikes per Network Burst per Channel - Std
,GPR37L 1,GPR37L 2,LGI2 A12,SLITRK5,THSD7 1,THSD7 2,unt1,unt2,
B Mean,6.821505,5.771554,7.778941,4.975118,6.706872,8.166360,5.778444,3.528090,
B SEM,2.588146,1.431413,2.098351,1.273857,2.084223,2.822154,1.240399,0.715096,
B Replicates,9.869649,2.887112,5.548483,13.009487,1.486221,4.896138,1.414214,6.064969,
,2.151308,3.350762,12.596530,6.984808,18.023774,22.725509,14.492455,4.119817,
,2.158287,4.616590,21.222121,6.853854,2.402256,NaN,5.169403,1.600781,
,2.426417,1.582785,1.930647,2.145125,13.740141,23.233509,9.959910,7.365934,
,1.844191,3.043806,2.454269,1.595893,1.541104,5.906330,9.006732,0.688446,
,2.214535,3.342241,17.396120,1.442233,0.797130,NaN,2.771968,1.592393,
,3.639006,NaN,2.147188,1.447473,15.527800,3.886073,10.109728,3.622706,
,29.892735,17.913514,16.587875,NaN,2.181667,2.310367,2.373574,NaN,
,4.591432,2.155147,0.530330,4.348674,1.212725,3.033150,6.853581,5.502249,
,2.298097,7.567990,2.740039,9.651749,0.767504,3.144620,4.059236,1.276456,
,13.950900,8.188315,2.301871,2.271884,17.751383,4.361547,0.920824,3.447146,
,NaN,8.838835,7.891817,NaN,5.050763,NaN,2.209709,NaN,


    Network Burst Percentage
,GPR37L 1,GPR37L 2,LGI2 A12,SLITRK5,THSD7 1,THSD7 2,unt1,unt2,
B Mean,98.552844,97.219779,98.607608,95.090473,99.130801,96.227368,97.161391,99.208081,
B SEM,0.823532,2.376651,0.741593,1.967999,0.344574,1.664632,0.860376,0.223197,
B Replicates,97.320341,73.504274,100.000000,88.947368,98.521739,99.024024,97.916667,98.483412,
,90.843806,99.932341,100.000000,97.764402,99.764398,90.987687,100.000000,99.789385,
,99.789363,100.000000,99.929229,79.636364,100.000000,79.702970,97.518610,100.000000,
,100.000000,99.818512,94.535284,99.931647,96.160381,100.000000,100.000000,99.097425,
,99.900299,98.343373,99.952808,89.723926,100.000000,97.255851,94.835096,99.689119,
,97.736798,99.506347,99.933378,99.380805,100.000000,96.244131,100.000000,99.830508,
,99.829060,NaN,98.016997,93.648069,99.900563,98.989048,94.433903,99.656505,
,99.841557,98.914550,92.161757,NaN,100.000000,99.693878,99.296394,100.000000,
,100.000000,99.805384,100.000000,99.743918,97.891566,100.000000,97.536450,98.240166,
,100.000000,99.864453,99.379845,99.085714,99.226306,96.335299,92.634315,98.296335,
,98.820059,99.728335,99.551204,99.488927,99.725023,98.469218,91.912320,97.883598,
,NaN,100.000000,99.830795,98.644068,98.379630,98.026316,99.852941,99.530516,


    Network IBI Coefficient of Variation
,GPR37L 1,GPR37L 2,LGI2 A12,SLITRK5,THSD7 1,THSD7 2,unt1,unt2,
B Mean,0.587592,0.819545,0.772833,0.629601,0.603989,0.688265,0.613930,0.573600,
B SEM,0.060826,0.208263,0.181657,0.085004,0.092193,0.126653,0.036759,0.141781,
B Replicates,0.645617,0.136188,0.562175,0.244950,0.319092,0.369094,NaN,1.187176,
,0.463473,0.606257,1.707813,0.641263,0.700528,1.257441,0.487563,0.214718,
,0.367084,0.362351,1.174448,0.673788,0.242985,NaN,0.786418,0.309838,
,0.650766,0.323209,0.458629,1.175334,1.156908,NaN,0.595726,0.819302,
,0.557103,0.620229,0.503313,0.659804,0.362847,0.892870,0.558630,0.069773,
,0.507715,0.572060,0.106234,0.502691,0.684502,NaN,0.736619,0.636667,
,0.376724,NaN,0.266726,0.346085,0.808474,0.800924,0.621209,1.206205,
,1.018116,2.034857,1.423837,NaN,0.241679,0.312974,0.753894,NaN,
,0.549922,0.587926,NaN,0.935862,0.881238,0.423494,0.565729,0.182839,
,NaN,1.006178,NaN,0.580767,0.407033,0.405039,0.425662,0.535885,
,0.739403,1.946198,0.752319,0.535466,0.838592,1.044281,0.607846,NaN,
,NaN,NaN,NaN,NaN,NaN,NaN,NaN,NaN,


    Network Normalized Duration IQR
,GPR37L 1,GPR37L 2,LGI2 A12,SLITRK5,THSD7 1,THSD7 2,unt1,unt2,
B Mean,0.970908,0.334845,0.622474,0.433040,0.740577,1.119937,0.906572,0.237742,
B SEM,0.432686,0.086857,0.288044,0.127734,0.304020,0.615717,0.206045,0.045420,
B Replicates,2.313324,0.907197,0.164783,0.549111,0.132770,0.151483,NaN,0.431061,
,0.440581,0.298628,0.792387,0.973105,0.768496,5.255660,0.113884,0.137217,
,0.074192,0.123723,2.773894,0.439164,NaN,NaN,1.824907,0.254902,
,0.338951,NaN,0.150133,0.149895,3.253776,NaN,0.852245,0.280121,
,0.016028,0.076296,0.201785,0.023606,0.016751,0.401444,2.021328,NaN,
,0.297285,0.108133,0.035891,0.157688,0.126274,NaN,0.406470,0.303229,
,0.366160,NaN,0.363626,1.106323,1.076270,0.080501,0.528931,0.325604,
,4.360814,0.450658,0.939255,NaN,0.335306,1.131406,1.263161,NaN,
,0.402195,0.200467,NaN,0.361169,0.116045,0.093657,0.158822,0.024780,
,NaN,0.469018,NaN,0.137299,0.618318,1.402264,1.050818,0.145022,
,1.099548,0.379486,0.180512,NaN,0.961761,0.443078,0.845155,NaN,
,NaN,NaN,NaN,NaN,NaN,NaN,NaN,NaN,


    Area Under Normalized Cross-Correlation
,GPR37L 1,GPR37L 2,LGI2 A12,SLITRK5,THSD7 1,THSD7 2,unt1,unt2,
B Mean,0.699759,0.757421,0.742661,0.752957,0.771671,0.752123,0.851628,0.789800,
B SEM,0.067605,0.070755,0.029311,0.073835,0.028152,0.029618,0.020396,0.031414,
B Replicates,0.880641,0.782932,0.881324,0.656995,0.905167,0.892034,0.785305,0.872500,
,0.786237,0.776824,0.853197,0.909397,0.871386,0.825505,0.776372,0.836254,
,0.743302,0.864920,0.856001,0.900579,0.776745,0.612959,0.910616,0.821912,
,0.733665,0.717789,0.746417,0.933310,0.802091,0.544232,0.958577,0.885708,
,0.647779,0.903067,0.767927,0.766916,0.569587,0.643929,0.879172,0.873597,
,0.655007,0.795025,0.803527,0.842813,0.790102,0.738358,0.949069,0.717578,
,0.736686,0.000000,0.657290,0.755422,0.680803,0.793027,0.763064,0.887355,
,0.849690,0.838545,0.572982,0.000000,0.818958,0.822043,0.860307,0.648834,
,0.706325,0.778690,0.643949,0.662075,0.855086,0.797266,0.846825,0.829992,
,0.763878,0.861471,0.637331,0.920059,0.701159,0.736392,0.842890,0.803287,
,0.893904,0.887098,0.808508,0.886690,0.818028,0.830309,0.894723,0.770059,
,0.000000,0.882687,0.683480,0.801224,0.670940,0.789420,0.752612,0.530521,


    Area Under Cross-Correlation
,GPR37L 1,GPR37L 2,LGI2 A12,SLITRK5,THSD7 1,THSD7 2,unt1,unt2,
B Mean,18.772123,28.088988,25.271429,20.152679,17.406448,19.998264,24.241270,19.719395,
B SEM,3.733254,5.773156,5.645151,4.437140,3.647201,6.052025,3.789480,4.349540,
B Replicates,28.725595,11.394048,62.591667,10.980357,15.911310,73.601786,12.444643,14.202976,
,31.399405,18.964286,63.592262,54.789881,49.630357,31.054762,11.857143,32.422024,
,24.124405,43.000000,27.762500,26.723810,8.870833,1.283929,28.113095,22.410714,
,8.600595,7.055952,26.750000,25.196429,24.498214,3.251190,45.114881,57.372619,
,8.316667,41.018452,24.016071,17.285119,7.213690,10.515476,48.176786,14.639881,
,10.063690,19.628571,18.952381,36.979167,3.933333,5.086905,33.836310,18.819048,
,19.617857,0.000000,12.991071,13.241667,23.223214,14.690476,24.467262,28.697619,
,45.300595,45.164286,12.324405,0.000000,10.071429,10.666071,15.318452,4.048214,
,16.266071,33.747619,8.004167,8.833929,20.276190,17.289881,30.520238,11.745238,
,6.684524,42.077381,8.607738,30.519643,18.822619,26.987500,13.395238,22.405952,
,26.166071,66.216667,31.445238,9.135714,22.530952,41.608333,17.926786,8.067262,
,0.000000,8.800595,6.219643,8.146429,3.895238,3.942857,9.724405,1.801190,


    Full Width at Half Height of Normalized Cross-Correlation
,GPR37L 1,GPR37L 2,LGI2 A12,SLITRK5,THSD7 1,THSD7 2,unt1,unt2,
B Mean,12.818182,14.818182,12.583333,15.818182,13.333333,12.833333,16.916667,14.333333,
B SEM,0.352089,0.979965,1.183589,0.979965,0.568535,1.006293,1.137903,0.864566,
B Replicates,13.000000,20.000000,18.000000,14.000000,15.000000,16.000000,17.000000,17.000000,
,14.000000,10.000000,11.000000,16.000000,12.000000,9.000000,16.000000,17.000000,
,14.000000,14.000000,11.000000,21.000000,10.000000,14.000000,13.000000,16.000000,
,13.000000,14.000000,13.000000,14.000000,13.000000,10.000000,14.000000,12.000000,
,14.000000,16.000000,6.000000,22.000000,15.000000,9.000000,21.000000,13.000000,
,11.000000,14.000000,19.000000,14.000000,15.000000,18.000000,18.000000,13.000000,
,12.000000,NaN,12.000000,16.000000,13.000000,11.000000,16.000000,9.000000,
,12.000000,10.000000,14.000000,NaN,13.000000,11.000000,11.000000,19.000000,
,13.000000,14.000000,14.000000,12.000000,16.000000,12.000000,18.000000,15.000000,
,11.000000,15.000000,14.000000,12.000000,13.000000,19.000000,24.000000,15.000000,
,14.000000,16.000000,14.000000,17.000000,15.000000,15.000000,13.000000,16.000000,
,NaN,20.000000,5.000000,16.000000,10.000000,10.000000,22.000000,10.000000,


    Full Width at Half Height of Cross-Correlation
,GPR37L 1,GPR37L 2,LGI2 A12,SLITRK5,THSD7 1,THSD7 2,unt1,unt2,
B Mean,62.181818,83.909091,74.583333,85.818182,54.583333,64.750000,100.583333,84.750000,
B SEM,9.535406,11.329330,11.717934,9.446325,8.691217,9.545842,11.450459,8.499666,
B Replicates,100.000000,61.000000,73.000000,72.000000,68.000000,80.000000,161.000000,85.000000,
,32.000000,73.000000,30.000000,71.000000,53.000000,16.000000,119.000000,50.000000,
,102.000000,74.000000,24.000000,52.000000,83.000000,36.000000,75.000000,106.000000,
,24.000000,93.000000,62.000000,77.000000,23.000000,109.000000,81.000000,109.000000,
,62.000000,108.000000,48.000000,116.000000,62.000000,29.000000,78.000000,100.000000,
,34.000000,131.000000,115.000000,98.000000,34.000000,100.000000,79.000000,74.000000,
,62.000000,NaN,79.000000,57.000000,25.000000,96.000000,124.000000,27.000000,
,24.000000,20.000000,51.000000,NaN,32.000000,32.000000,71.000000,93.000000,
,110.000000,57.000000,146.000000,104.000000,81.000000,43.000000,85.000000,54.000000,
,71.000000,54.000000,141.000000,80.000000,123.000000,98.000000,70.000000,101.000000,
,63.000000,101.000000,82.000000,59.000000,33.000000,84.000000,74.000000,133.000000,
,NaN,151.000000,44.000000,158.000000,38.000000,54.000000,190.000000,85.000000,


    Synchrony Index
,GPR37L 1,GPR37L 2,LGI2 A12,SLITRK5,THSD7 1,THSD7 2,unt1,unt2,
B Mean,NaN,NaN,NaN,NaN,NaN,NaN,NaN,NaN,
B SEM,NaN,NaN,NaN,NaN,NaN,NaN,NaN,NaN,
B Replicates,NaN,NaN,NaN,NaN,NaN,NaN,NaN,NaN,
,NaN,NaN,NaN,NaN,NaN,NaN,NaN,NaN,
,NaN,NaN,NaN,NaN,NaN,NaN,NaN,NaN,
,NaN,NaN,NaN,NaN,NaN,NaN,NaN,NaN,
,NaN,NaN,NaN,NaN,NaN,NaN,NaN,NaN,
,NaN,NaN,NaN,NaN,NaN,NaN,NaN,NaN,
,NaN,NaN,NaN,NaN,NaN,NaN,NaN,NaN,
,NaN,NaN,NaN,NaN,NaN,NaN,NaN,NaN,
,NaN,NaN,NaN,NaN,NaN,NaN,NaN,NaN,
,NaN,NaN,NaN,NaN,NaN,NaN,NaN,NaN,
,NaN,NaN,NaN,NaN,NaN,NaN,NaN,NaN,
,NaN,NaN,NaN,NaN,NaN,NaN,NaN,NaN,


    Kreuz SPIKE Distance
,GPR37L 1,GPR37L 2,LGI2 A12,SLITRK5,THSD7 1,THSD7 2,unt1,unt2,
B Mean,NaN,NaN,NaN,NaN,NaN,NaN,NaN,NaN,
B SEM,NaN,NaN,NaN,NaN,NaN,NaN,NaN,NaN,
B Replicates,NaN,NaN,NaN,NaN,NaN,NaN,NaN,NaN,
,NaN,NaN,NaN,NaN,NaN,NaN,NaN,NaN,
,NaN,NaN,NaN,NaN,NaN,NaN,NaN,NaN,
,NaN,NaN,NaN,NaN,NaN,NaN,NaN,NaN,
,NaN,NaN,NaN,NaN,NaN,NaN,NaN,NaN,
,NaN,NaN,NaN,NaN,NaN,NaN,NaN,NaN,
,NaN,NaN,NaN,NaN,NaN,NaN,NaN,NaN,
,NaN,NaN,NaN,NaN,NaN,NaN,NaN,NaN,
,NaN,NaN,NaN,NaN,NaN,NaN,NaN,NaN,
,NaN,NaN,NaN,NaN,NaN,NaN,NaN,NaN,
,NaN,NaN,NaN,NaN,NaN,NaN,NaN,NaN,
,NaN,NaN,NaN,NaN,NaN,NaN,NaN,NaN,


    Percent Bursts with Start Electrode
,GPR37L 1,GPR37L 2,LGI2 A12,SLITRK5,THSD7 1,THSD7 2,unt1,unt2,
B Mean,50.070838,46.085026,44.522317,58.368232,42.218915,61.025592,40.782828,55.023911,
B SEM,8.287045,3.830765,3.288783,6.098818,3.729917,7.357740,3.166193,6.822268,
B Replicates,28.571429,33.333333,54.166667,40.000000,33.333333,63.636364,50.000000,33.333333,
,63.636364,50.000000,24.137931,78.260870,25.000000,35.294118,25.000000,50.000000,
,25.000000,61.538462,27.272727,43.750000,33.333333,100.000000,45.454545,42.857143,
,20.000000,33.333333,62.500000,37.500000,55.555556,50.000000,25.000000,75.000000,
,25.000000,44.444444,33.333333,50.000000,50.000000,28.571429,50.000000,33.333333,
,50.000000,50.000000,50.000000,70.000000,50.000000,100.000000,27.272727,42.857143,
,80.000000,NaN,50.000000,71.428571,53.333333,60.000000,33.333333,38.461538,
,28.571429,50.000000,42.857143,NaN,28.571429,42.857143,50.000000,100.000000,
,80.000000,28.571429,50.000000,40.000000,62.500000,54.545455,33.333333,50.000000,
,100.000000,70.000000,50.000000,44.444444,40.000000,54.545455,50.000000,44.444444,
,50.000000,35.714286,40.000000,66.666667,25.000000,42.857143,50.000000,50.000000,
,NaN,50.000000,50.000000,100.000000,50.000000,100.000000,50.000000,100.000000,


    Burst Peak (Max Spikes per sec)
,GPR37L 1,GPR37L 2,LGI2 A12,SLITRK5,THSD7 1,THSD7 2,unt1,unt2,
B Mean,3427.971271,3237.623488,3178.021181,3041.246314,3216.369048,3979.558187,3096.906566,3806.649369,
B SEM,188.816149,157.610667,262.897173,261.547721,278.525488,361.181395,182.118918,251.140881,
B Replicates,4285.714286,3166.666667,2666.666667,2600.000000,3166.666667,3045.454545,4500.000000,3000.000000,
,2363.636364,3500.000000,2758.620690,2565.217391,2583.333333,2823.529412,3250.000000,3250.000000,
,3625.000000,3538.461538,2636.363636,2125.000000,4666.666667,6000.000000,2727.272727,3857.142857,
,3400.000000,3666.666667,3000.000000,3000.000000,2166.666667,3000.000000,3166.666667,3333.333333,
,3500.000000,2777.777778,3555.555556,3500.000000,4000.000000,3285.714286,2500.000000,4666.666667,
,4000.000000,3750.000000,3500.000000,3600.000000,3000.000000,6000.000000,2727.272727,4000.000000,
,3800.000000,NaN,3833.333333,2285.714286,1466.666667,3600.000000,3333.333333,3461.538462,
,2500.000000,2500.000000,1285.714286,NaN,3571.428571,3857.142857,3166.666667,6000.000000,
,3400.000000,3428.571429,4000.000000,2000.000000,3500.000000,3454.545455,2833.333333,4000.000000,
,4000.000000,2500.000000,5000.000000,3444.444444,4600.000000,3545.454545,2625.000000,4111.111111,
,2833.333333,2785.714286,2900.000000,3333.333333,2375.000000,3142.857143,2333.333333,3000.000000,
,NaN,4000.000000,3000.000000,5000.000000,3500.000000,6000.000000,4000.000000,3000.000000,


    Time to Burst Peak (ms)
,GPR37L 1,GPR37L 2,LGI2 A12,SLITRK5,THSD7 1,THSD7 2,unt1,unt2,
B Mean,18.227273,25.045455,19.500000,28.409091,20.583333,25.750000,42.250000,26.083333,
B SEM,5.236395,6.018704,5.371079,2.517049,3.762773,5.992577,8.859274,6.628061,
B Replicates,8.500000,20.500000,29.500000,26.500000,54.500000,36.500000,86.500000,23.500000,
,46.500000,7.500000,16.500000,38.500000,11.500000,8.500000,8.500000,15.500000,
,6.500000,19.500000,10.500000,22.500000,16.500000,14.500000,39.500000,14.500000,
,6.500000,15.500000,11.500000,23.500000,15.500000,28.500000,18.500000,14.500000,
,13.500000,70.500000,14.500000,45.500000,12.500000,7.500000,29.500000,7.500000,
,14.500000,52.500000,17.500000,21.500000,19.500000,54.500000,27.500000,13.500000,
,10.500000,NaN,12.500000,16.500000,20.500000,19.500000,90.500000,14.500000,
,11.500000,12.500000,75.500000,NaN,16.500000,16.500000,44.500000,85.500000,
,57.500000,9.500000,6.500000,27.500000,13.500000,6.500000,17.500000,24.500000,
,5.500000,16.500000,18.500000,30.500000,14.500000,22.500000,29.500000,12.500000,
,19.500000,14.500000,8.500000,34.500000,12.500000,18.500000,20.500000,58.500000,
,NaN,36.500000,12.500000,25.500000,39.500000,75.500000,94.500000,28.500000,


    Resistance - Avg (kOhms)
,GPR37L 1,GPR37L 2,LGI2 A12,SLITRK5,THSD7 1,THSD7 2,unt1,unt2,
B Mean,NaN,NaN,NaN,NaN,NaN,NaN,NaN,NaN,
B SEM,NaN,NaN,NaN,NaN,NaN,NaN,NaN,NaN,
B Replicates,NaN,NaN,NaN,NaN,NaN,NaN,NaN,NaN,
,NaN,NaN,NaN,NaN,NaN,NaN,NaN,NaN,
,NaN,NaN,NaN,NaN,NaN,NaN,NaN,NaN,
,NaN,NaN,NaN,NaN,NaN,NaN,NaN,NaN,
,NaN,NaN,NaN,NaN,NaN,NaN,NaN,NaN,
,NaN,NaN,NaN,NaN,NaN,NaN,NaN,NaN,
,NaN,NaN,NaN,NaN,NaN,NaN,NaN,NaN,
,NaN,NaN,NaN,NaN,NaN,NaN,NaN,NaN,
,NaN,NaN,NaN,NaN,NaN,NaN,NaN,NaN,
,NaN,NaN,NaN,NaN,NaN,NaN,NaN,NaN,
,NaN,NaN,NaN,NaN,NaN,NaN,NaN,NaN,
,NaN,NaN,NaN,NaN,NaN,NaN,NaN,NaN,


    Resistance - Std (kOhms)
,GPR37L 1,GPR37L 2,LGI2 A12,SLITRK5,THSD7 1,THSD7 2,unt1,unt2,
B Mean,NaN,NaN,NaN,NaN,NaN,NaN,NaN,NaN,
B SEM,NaN,NaN,NaN,NaN,NaN,NaN,NaN,NaN,
B Replicates,NaN,NaN,NaN,NaN,NaN,NaN,NaN,NaN,
,NaN,NaN,NaN,NaN,NaN,NaN,NaN,NaN,
,NaN,NaN,NaN,NaN,NaN,NaN,NaN,NaN,
,NaN,NaN,NaN,NaN,NaN,NaN,NaN,NaN,
,NaN,NaN,NaN,NaN,NaN,NaN,NaN,NaN,
,NaN,NaN,NaN,NaN,NaN,NaN,NaN,NaN,
,NaN,NaN,NaN,NaN,NaN,NaN,NaN,NaN,
,NaN,NaN,NaN,NaN,NaN,NaN,NaN,NaN,
,NaN,NaN,NaN,NaN,NaN,NaN,NaN,NaN,
,NaN,NaN,NaN,NaN,NaN,NaN,NaN,NaN,
,NaN,NaN,NaN,NaN,NaN,NaN,NaN,NaN,
,NaN,NaN,NaN,NaN,NaN,NaN,NaN,NaN,


    Number of Covered Electrodes
,GPR37L 1,GPR37L 2,LGI2 A12,SLITRK5,THSD7 1,THSD7 2,unt1,unt2,
B Mean,NaN,NaN,NaN,NaN,NaN,NaN,NaN,NaN,
B SEM,NaN,NaN,NaN,NaN,NaN,NaN,NaN,NaN,
B Replicates,NaN,NaN,NaN,NaN,NaN,NaN,NaN,NaN,
,NaN,NaN,NaN,NaN,NaN,NaN,NaN,NaN,
,NaN,NaN,NaN,NaN,NaN,NaN,NaN,NaN,
,NaN,NaN,NaN,NaN,NaN,NaN,NaN,NaN,
,NaN,NaN,NaN,NaN,NaN,NaN,NaN,NaN,
,NaN,NaN,NaN,NaN,NaN,NaN,NaN,NaN,
,NaN,NaN,NaN,NaN,NaN,NaN,NaN,NaN,
,NaN,NaN,NaN,NaN,NaN,NaN,NaN,NaN,
,NaN,NaN,NaN,NaN,NaN,NaN,NaN,NaN,
,NaN,NaN,NaN,NaN,NaN,NaN,NaN,NaN,
,NaN,NaN,NaN,NaN,NaN,NaN,NaN,NaN,
,NaN,NaN,NaN,NaN,NaN,NaN,NaN,NaN,


    Weighted Mean Resistance (kOhms)
,GPR37L 1,GPR37L 2,LGI2 A12,SLITRK5,THSD7 1,THSD7 2,unt1,unt2,
B Mean,NaN,NaN,NaN,NaN,NaN,NaN,NaN,NaN,
B SEM,NaN,NaN,NaN,NaN,NaN,NaN,NaN,NaN,
B Replicates,NaN,NaN,NaN,NaN,NaN,NaN,NaN,NaN,
,NaN,NaN,NaN,NaN,NaN,NaN,NaN,NaN,
,NaN,NaN,NaN,NaN,NaN,NaN,NaN,NaN,
,NaN,NaN,NaN,NaN,NaN,NaN,NaN,NaN,
,NaN,NaN,NaN,NaN,NaN,NaN,NaN,NaN,
,NaN,NaN,NaN,NaN,NaN,NaN,NaN,NaN,
,NaN,NaN,NaN,NaN,NaN,NaN,NaN,NaN,
,NaN,NaN,NaN,NaN,NaN,NaN,NaN,NaN,
,NaN,NaN,NaN,NaN,NaN,NaN,NaN,NaN,
,NaN,NaN,NaN,NaN,NaN,NaN,NaN,NaN,
,NaN,NaN,NaN,NaN,NaN,NaN,NaN,NaN,
,NaN,NaN,NaN,NaN,NaN,NaN,NaN,NaN,


